Date operatio valeur;Date;libelle des operations;Débit;Crédit;Category Improved;YearMonth
2024-09-19;2024-09-19;Cash Deposit #5532;0.0;9.03;Versement;2024-09
2024-08-29;2024-08-29;Employer Payroll Ltd #5599;0.0;757.94;Salary;2024-08
2024-08-29;2024-08-29;Acme Corp Salary #2914;0.0;1087.59;Salary;2024-08
2024-01-30;2024-01-30;Northwind Salary Dept #8754;0.0;994.42;Salary;2024-01
2024-09-27;2024-09-27;Employer Payroll Ltd #8238;0.0;713.02;Salary;2024-09
2024-05-06;2024-05-06;Transfer from Contact B #1121;0.0;2476.09;Transfer;2024-05
2024-06-14;2024-06-14;Internal Transfer #2746;0.0;594.95;Transfer;2024-06
2024-07-30;2024-07-30;Northwind Salary Dept #1383;0.0;2323.99;Salary;2024-07
2024-02-28;2024-02-28;Northwind Salary Dept #2455;0.0;144.9;Salary;2024-02
2023-12-29;2023-12-28;Acme Corp Salary #8858;0.0;1957.22;Salary;2023-12
2024-05-30;2024-05-30;Northwind Salary Dept #6619;0.0;1701.12;Salary;2024-05
2024-04-17;2024-04-17;Transfer from Contact B #4733;0.0;1130.93;Transfer;2024-04
2024-02-20;2024-02-20;Branch Deposit #3607;0.0;1051.03;Versement;2024-02
2024-03-28;2024-03-28;Employer Payroll Ltd #6721;0.0;431.39;Salary;2024-03
2024-10-22;2024-10-22;Acme Corp Salary #7586;0.0;772.58;Salary;2024-10
2024-06-27;2024-06-27;Employer Payroll Ltd #9373;0.0;1184.9;Salary;2024-06
2024-04-24;2024-04-24;Northwind Salary Dept #5413;0.0;1475.55;Salary;2024-04
2024-08-24;2024-08-24;Transfer from Contact B #2457;0.0;2256.86;Transfer;2024-08
2024-07-14;2024-07-14;Internal Transfer #3165;0.0;64.42;Transfer;2024-07
2024-09-19;2024-09-19;Transfer from Contact B #7196;0.0;1025.71;Transfer;2024-09
2024-04-21;2024-04-21;Transfer from Contact B #5370;0.0;895.09;Transfer;2024-04
2024-06-07;2024-07-08;General Purchase #7059;0.0;2026.13;Uncategorized;2024-07
2024-07-20;2024-07-20;Internal Transfer #4129;0.0;418.17;Transfer;2024-07
2024-04-19;2024-04-19;Transfer from Contact B #4543;0.0;703.2;Transfer;2024-04
2024-01-08;2024-01-08;Transfer from Contact B #9268;0.0;1956.86;Transfer;2024-01
2024-01-31;2024-01-31;Transfer from Contact B #6837;0.0;341.37;Transfer;2024-01
2024-03-04;2024-03-04;Internal Transfer #1701;0.0;88.99;Transfer;2024-03
2024-04-02;2024-04-02;Transfer from Contact A #8549;0.0;1975.67;Transfer;2024-04
2024-04-22;2024-04-22;Transfer from Contact B #5520;0.0;2116.35;Transfer;2024-04
2024-05-23;2024-05-23;Transfer from Contact A #4341;0.0;1101.7;Transfer;2024-05
2024-08-30;2024-08-30;Transfer from Contact B #8995;0.0;323.38;Transfer;2024-08
2024-09-23;2024-09-23;Family Support #3300;0.0;1853.6;Family;2024-09
2024-08-27;2024-08-27;Transfer from Contact A #3905;0.0;880.24;Transfer;2024-08
2024-01-17;2024-01-17;Transfer from Contact A #3574;0.0;1974.15;Transfer;2024-01
2024-01-22;2024-01-22;Internal Transfer #3712;0.0;21.46;Transfer;2024-01
2024-02-15;2024-02-15;Transfer from Contact B #1907;0.0;2474.31;Transfer;2024-02
2024-01-25;2024-01-25;Transfer from Contact B #1025;0.0;952.95;Transfer;2024-01
2024-01-20;2024-01-20;Internal Transfer #4734;0.0;1414.84;Transfer;2024-01
2024-06-04;2024-06-04;Transfer from Contact B #2484;0.0;1731.21;Transfer;2024-06
2024-01-29;2024-01-29;Internal Transfer #8854;0.0;2322.65;Transfer;2024-01
2024-01-27;2024-01-27;Internal Transfer #1891;0.0;472.79;Transfer;2024-01
2024-01-29;2024-01-29;Internal Transfer #3385;0.0;1548.87;Transfer;2024-01
2024-01-31;2024-01-31;Family Support #4952;0.0;1355.97;Family;2024-01
2023-12-29;2023-12-29;Online Store #2727;47.06;0.0;Other;2023-12
2023-12-29;2023-12-29;Local Shop #2096;775.41;0.0;Other;2023-12
2023-12-29;2023-12-29;Online Store #1247;77.94;0.0;Other;2023-12
2023-12-29;2023-12-28;Internal Transfer #6973;1193.61;0.0;Transfer;2023-12
2023-12-29;2023-12-27;Retail Purchase #9780;449.22;0.0;Other;2023-12
2023-12-29;2023-12-27;Internal Transfer #5720;1239.23;0.0;Transfer;2023-12
2023-12-29;2023-12-27;Internal Transfer #2788;231.51;0.0;Transfer;2023-12
2023-12-29;2023-12-27;Local Shop #3309;1899.27;0.0;Other;2023-12
2023-12-29;2023-12-27;Retail Purchase #1506;2374.71;0.0;Other;2023-12
2023-12-29;2023-12-22;Online Store #5044;2349.21;0.0;Other;2023-12
2023-12-29;2023-12-21;Online Store #2924;2470.98;0.0;Other;2023-12
2023-12-29;2023-12-20;Unclassified Payment #4631;1762.81;0.0;Uncategorized;2023-12
2023-12-29;2023-12-20;Local Shop #9682;1686.74;0.0;Other;2023-12
2023-12-29;2023-12-19;Retail Purchase #8030;1153.93;0.0;Other;2023-12
2023-12-29;2023-12-19;Online Store #6956;1577.79;0.0;Other;2023-12
2023-12-29;2023-12-18;Retail Purchase #5456;873.15;0.0;Other;2023-12
2023-12-29;2023-12-18;Local Shop #1498;1800.16;0.0;Other;2023-12
2023-12-29;2023-12-18;Transfer from Contact A #8645;1417.04;0.0;Transfer;2023-12
2023-12-29;2023-12-18;Retail Purchase #4315;351.15;0.0;Other;2023-12
2023-12-29;2023-12-18;Local Shop #4197;1348.94;0.0;Other;2023-12
2023-12-29;2023-12-18;Retail Purchase #7249;293.16;0.0;Other;2023-12
2023-12-29;2023-12-18;Local Shop #9141;1538.86;0.0;Other;2023-12
2023-12-29;2023-12-18;Online Store #9174;1053.44;0.0;Other;2023-12
2023-12-29;2023-12-14;Local Shop #1316;1105.42;0.0;Other;2023-12
2023-12-29;2023-12-13;Transfer from Contact B #6388;2150.83;0.0;Transfer;2023-12
2023-12-29;2023-12-13;Local Shop #3456;133.01;0.0;Other;2023-12
2023-12-29;2023-12-13;Online Store #3654;27.97;0.0;Other;2023-12
2023-12-29;2023-12-12;General Purchase #8274;838.8;0.0;Uncategorized;2023-12
2023-12-29;2023-12-12;Retail Purchase #1796;1449.59;0.0;Other;2023-12
2023-12-29;2023-12-12;Retail Purchase #3288;1577.12;0.0;Other;2023-12
2023-12-29;2023-12-12;Retail Purchase #1687;2031.67;0.0;Other;2023-12
2023-12-29;2023-12-12;Retail Purchase #2580;1285.55;0.0;Other;2023-12
2023-12-29;2023-12-12;Retail Purchase #1651;2091.96;0.0;Other;2023-12
2023-12-29;2023-12-11;Retail Purchase #4945;476.58;0.0;Other;2023-12
2023-12-29;2023-12-11;Local Shop #7804;1839.2;0.0;Other;2023-12
2023-12-29;2023-12-11;Local Shop #4720;585.6;0.0;Other;2023-12
2023-12-29;2023-12-11;Local Shop #3944;1916.67;0.0;Other;2023-12
2023-12-29;2023-12-11;Retail Purchase #9514;472.04;0.0;Other;2023-12
2023-12-29;2023-12-11;Local Shop #9876;850.16;0.0;Other;2023-12
2023-12-29;2023-12-11;Local Shop #3347;385.06;0.0;Other;2023-12
2023-12-29;2023-12-08;Transfer from Contact B #3224;2185.35;0.0;Transfer;2023-12
2023-12-29;2023-12-08;Online Store #8474;1048.07;0.0;Other;2023-12
2023-12-29;2023-12-07;Local Shop #9291;391.86;0.0;Other;2023-12
2023-12-29;2023-12-07;Water Utility #3653;954.26;0.0;Utility;2023-12
2023-12-29;2023-12-07;Retail Purchase #1862;1251.83;0.0;Other;2023-12
2024-01-02;2024-01-02;Online Store #6561;1915.64;0.0;Other;2024-01
2024-01-02;2024-01-02;Retail Purchase #8117;766.48;0.0;Other;2024-01
2024-01-02;2024-01-02;Local Shop #1339;1598.93;0.0;Other;2024-01
2024-01-02;2024-01-02;Online Store #6064;2144.61;0.0;Other;2024-01
2024-01-02;2024-01-02;Local Shop #6224;438.39;0.0;Other;2024-01
2024-01-02;2024-01-02;Online Store #2158;1964.24;0.0;Other;2024-01
2024-01-02;2024-01-02;Local Shop #6346;418.39;0.0;Other;2024-01
2024-01-02;2024-01-02;Online Store #8569;2212.27;0.0;Other;2024-01
2024-01-02;2024-01-02;Local Shop #3403;2441.29;0.0;Other;2024-01
2024-01-03;2024-01-03;Internal Transfer #1401;1047.79;0.0;Transfer;2024-01
2024-01-03;2024-01-03;Online Store #6711;2368.08;0.0;Other;2024-01
2024-01-03;2024-01-03;Retail Purchase #3833;1119.23;0.0;Other;2024-01
2024-01-04;2024-01-04;Local Shop #1703;2240.53;0.0;Other;2024-01
2024-01-04;2024-01-04;Online Store #6504;2261.44;0.0;Other;2024-01
2024-01-05;2024-01-05;Transfer from Contact A #2578;1812.64;0.0;Transfer;2024-01
2024-01-05;2024-01-05;Retail Purchase #5872;669.18;0.0;Other;2024-01
2024-01-06;2024-01-06;Transfer from Contact A #5836;2355.68;0.0;Transfer;2024-01
2024-01-06;2024-01-06;Transfer from Contact A #5792;969.25;0.0;Transfer;2024-01
2024-01-08;2024-01-08;Card Fee #5448;630.15;0.0;Other Fees;2024-01
2024-01-08;2024-01-08;Water Utility #7054;1859.47;0.0;Utility;2024-01
2024-01-08;2024-01-08;Online Store #3020;127.3;0.0;Other;2024-01
2024-01-08;2024-01-08;Online Store #8868;2418.61;0.0;Other;2024-01
2024-01-08;2024-01-08;Local Shop #8479;2054.84;0.0;Other;2024-01
2024-01-08;2024-01-08;Online Store #5187;1837.91;0.0;Other;2024-01
2024-01-08;2024-01-08;Retail Purchase #3115;1879.01;0.0;Other;2024-01
2024-01-09;2024-01-09;Online Store #1207;1267.83;0.0;Other;2024-01
2024-01-09;2024-01-09;Local Shop #2516;1543.65;0.0;Other;2024-01
2024-01-10;2024-01-10;Internal Transfer #8885;497.88;0.0;Transfer;2024-01
2024-01-10;2024-01-10;Internal Transfer #1073;1076.14;0.0;Transfer;2024-01
2024-01-10;2024-01-10;Local Shop #8845;447.14;0.0;Other;2024-01
2024-01-10;2024-01-10;Retail Purchase #9062;711.13;0.0;Other;2024-01
2024-01-10;2024-01-10;Online Store #5078;2109.65;0.0;Other;2024-01
2024-01-11;2024-01-12;Bank Service Fee #4810;2350.24;0.0;Other Fees;2024-01
2024-01-11;2024-01-11;Misc Transaction #2239;128.89;0.0;Uncategorized;2024-01
2024-01-11;2024-01-11;Local Shop #3501;2413.71;0.0;Other;2024-01
2024-01-11;2024-01-11;Local Shop #2211;1372.86;0.0;Other;2024-01
2024-01-12;2024-01-12;Online Store #4224;447.54;0.0;Other;2024-01
2024-01-12;2024-01-12;Local Shop #1614;1273.57;0.0;Other;2024-01
2024-01-15;2024-01-15;Online Store #6673;628.12;0.0;Other;2024-01
2024-01-15;2024-01-15;Online Store #6553;2460.79;0.0;Other;2024-01
2024-01-15;2024-01-15;Local Shop #6731;2238.02;0.0;Other;2024-01
2024-01-15;2024-01-15;Online Store #9251;1070.36;0.0;Other;2024-01
2024-01-16;2024-01-16;Online Store #3029;2015.78;0.0;Other;2024-01
2024-01-16;2024-01-16;Retail Purchase #2954;981.86;0.0;Other;2024-01
2024-01-17;2024-01-17;Local Shop #7199;1866.5;0.0;Other;2024-01
2024-01-18;2024-01-18;Local Shop #6505;1736.45;0.0;Other;2024-01
2024-01-19;2024-01-19;Transfer from Contact B #4628;234.39;0.0;Transfer;2024-01
2024-01-22;2024-01-22;Local Shop #4536;2370.53;0.0;Other;2024-01
2024-01-22;2024-01-22;Retail Purchase #5109;2406.68;0.0;Other;2024-01
2024-01-22;2024-01-22;Online Store #1890;502.62;0.0;Other;2024-01
2024-01-22;2024-01-22;Online Store #8463;1821.03;0.0;Other;2024-01
2024-01-23;2024-01-23;Local Shop #9421;1345.48;0.0;Other;2024-01
2024-01-23;2024-01-23;Retail Purchase #2217;2079.01;0.0;Other;2024-01
2024-01-23;2024-01-23;Local Shop #5322;874.79;0.0;Other;2024-01
2024-01-26;2024-01-29;Local Shop #4434;2453.17;0.0;Other;2024-01
2024-01-26;2024-01-26;Local Shop #5515;991.86;0.0;Other;2024-01
2024-01-26;2024-01-26;Local Shop #1184;1619.63;0.0;Other;2024-01
2024-01-26;2024-01-26;Online Store #4524;2014.93;0.0;Other;2024-01
2024-01-29;2024-01-29;Retail Purchase #8813;1446.51;0.0;Other;2024-01
2024-01-29;2024-01-29;Online Store #5320;2435.9;0.0;Other;2024-01
2024-01-29;2024-01-29;Local Shop #8620;2031.6;0.0;Other;2024-01
2024-01-29;2024-01-29;Online Store #3451;597.62;0.0;Other;2024-01
2024-01-30;2024-01-30;Internal Transfer #1182;530.89;0.0;Transfer;2024-01
2024-01-30;2024-01-30;Transfer from Contact A #8220;474.87;0.0;Transfer;2024-01
2024-01-30;2024-01-30;Transfer from Contact A #7677;1556.04;0.0;Transfer;2024-01
2024-01-30;2024-01-30;Online Store #1661;166.67;0.0;Other;2024-01
2024-01-30;2024-01-30;Local Shop #3917;406.85;0.0;Other;2024-01
2024-01-30;2024-01-30;Transfer from Contact B #4576;1458.73;0.0;Transfer;2024-01
2024-01-30;2024-01-30;Internal Transfer #3989;463.64;0.0;Transfer;2024-01
2024-01-31;2024-01-31;Online Store #6628;216.07;0.0;Other;2024-01
2024-01-31;2024-01-31;Local Shop #5180;934.22;0.0;Other;2024-01
2024-01-31;2024-01-31;Retail Purchase #9481;360.06;0.0;Other;2024-01
2024-01-31;2024-01-31;Local Shop #6749;395.37;0.0;Other;2024-01
2024-02-01;2024-02-01;Online Store #8686;1483.85;0.0;Other;2024-02
2024-02-02;2024-02-05;Online Store #2292;1011.94;0.0;Other;2024-02
2024-02-02;2024-02-02;Retail Purchase #8159;1251.08;0.0;Other;2024-02
2024-02-02;2024-02-02;Online Store #8766;2454.1;0.0;Other;2024-02
2024-02-05;2024-02-05;Transfer from Contact B #4498;446.62;0.0;Transfer;2024-02
2024-02-05;2024-02-05;Online Store #7613;2460.6;0.0;Other;2024-02
2024-02-05;2024-02-05;Online Store #6409;1223.91;0.0;Other;2024-02
2024-02-06;2024-02-06;Local Shop #8540;1437.52;0.0;Other;2024-02
2024-02-06;2024-02-06;Telecom Provider #6640;447.37;0.0;Utility;2024-02
2024-02-06;2024-02-06;Online Store #8376;130.51;0.0;Other;2024-02
2024-02-06;2024-02-06;Online Store #4792;263.15;0.0;Other;2024-02
2024-02-07;2024-02-07;Internal Transfer #4842;1833.41;0.0;Transfer;2024-02
2024-02-07;2024-02-07;Retail Purchase #1552;758.16;0.0;Other;2024-02
2024-02-07;2024-02-07;Internal Transfer #8432;2257.41;0.0;Transfer;2024-02
2024-02-08;2024-02-08;Online Store #9286;2388.3;0.0;Other;2024-02
2024-02-08;2024-02-08;Online Store #6864;912.35;0.0;Other;2024-02
2024-02-08;2024-02-08;Local Shop #4428;2093.56;0.0;Other;2024-02
2024-02-09;2024-02-09;Transfer from Contact B #6502;980.34;0.0;Transfer;2024-02
2024-02-09;2024-02-09;Online Store #2005;914.94;0.0;Other;2024-02
2024-02-12;2024-02-12;Local Shop #6704;759.89;0.0;Other;2024-02
2024-02-12;2024-02-12;Online Store #8932;677.76;0.0;Other;2024-02
2024-02-12;2024-02-12;Online Store #3168;2048.43;0.0;Other;2024-02
2024-02-12;2024-02-12;Local Shop #4922;592.14;0.0;Other;2024-02
2024-02-12;2024-02-12;Local Shop #3736;633.84;0.0;Other;2024-02
2024-02-13;2024-02-13;Retail Purchase #1324;2084.9;0.0;Other;2024-02
2024-02-13;2024-02-13;Local Shop #5604;915.17;0.0;Other;2024-02
2024-02-14;2024-02-14;Retail Purchase #7356;2233.24;0.0;Other;2024-02
2024-02-14;2024-02-14;Local Shop #7048;1233.1;0.0;Other;2024-02
2024-02-15;2024-02-15;Internal Transfer #7394;1231.31;0.0;Transfer;2024-02
2024-02-15;2024-02-15;Local Shop #5812;1622.44;0.0;Other;2024-02
2024-02-15;2024-02-15;Online Store #9246;312.77;0.0;Other;2024-02
2024-02-16;2024-02-16;General Purchase #8527;1489.38;0.0;Uncategorized;2024-02
2024-02-16;2024-02-16;Online Store #7041;1184.59;0.0;Other;2024-02
2024-02-17;2024-02-17;Transfer from Contact A #5727;7.82;0.0;Transfer;2024-02
2024-02-19;2024-02-19;Online Store #6003;282.55;0.0;Other;2024-02
2024-02-19;2024-02-19;Local Shop #2135;2093.76;0.0;Other;2024-02
2024-02-19;2024-02-19;Online Store #6341;489.31;0.0;Other;2024-02
2024-02-19;2024-02-19;Online Store #5528;1082.3;0.0;Other;2024-02
2024-02-20;2024-02-20;Retail Purchase #6709;835.2;0.0;Other;2024-02
2024-02-20;2024-02-20;Online Store #4573;1794.99;0.0;Other;2024-02
2024-02-20;2024-02-20;Retail Purchase #6049;1294.9;0.0;Other;2024-02
2024-02-21;2024-02-21;Internal Transfer #9991;1733.14;0.0;Transfer;2024-02
2024-02-21;2024-02-21;Online Store #1632;1188.2;0.0;Other;2024-02
2024-02-21;2024-02-21;Retail Purchase #7248;1199.9;0.0;Other;2024-02
2024-02-22;2024-02-22;Local Shop #5153;1661.64;0.0;Other;2024-02
2024-02-22;2024-02-22;Transfer from Contact B #5180;33.5;0.0;Transfer;2024-02
2024-02-22;2024-02-22;Local Shop #4005;2006.02;0.0;Other;2024-02
2024-02-23;2024-02-23;Transfer from Contact B #3024;428.79;0.0;Transfer;2024-02
2024-02-23;2024-02-23;Retail Purchase #7377;636.34;0.0;Other;2024-02
2024-02-24;2024-02-24;Internal Transfer #7603;232.21;0.0;Transfer;2024-02
2024-02-26;2024-02-26;Retail Purchase #9498;633.17;0.0;Other;2024-02
2024-02-26;2024-02-26;Transfer from Contact B #2157;1462.84;0.0;Transfer;2024-02
2024-02-26;2024-02-26;Retail Purchase #8218;215.1;0.0;Other;2024-02
2024-02-26;2024-02-26;Transfer from Contact B #5622;945.86;0.0;Transfer;2024-02
2024-02-26;2024-02-26;Transfer from Contact A #2298;535.26;0.0;Transfer;2024-02
2024-02-26;2024-02-26;Online Store #7223;2259.68;0.0;Other;2024-02
2024-02-27;2024-02-28;Online Store #7212;2386.12;0.0;Other;2024-02
2024-02-27;2024-02-28;Retail Purchase #8794;620.25;0.0;Other;2024-02
2024-02-27;2024-02-27;Online Store #7953;616.56;0.0;Other;2024-02
2024-02-27;2024-02-27;Local Shop #9875;543.81;0.0;Other;2024-02
2024-02-27;2024-02-27;Local Shop #4805;1094.9;0.0;Other;2024-02
2024-02-28;2024-02-28;Internal Transfer #5816;1878.81;0.0;Transfer;2024-02
2024-02-28;2024-02-28;Transfer from Contact A #6775;1825.43;0.0;Transfer;2024-02
2024-02-28;2024-02-28;Local Shop #5422;350.47;0.0;Other;2024-02
2024-02-29;2024-03-01;Online Store #3543;1713.79;0.0;Other;2024-03
2024-02-29;2024-03-01;Retail Purchase #4068;2085.94;0.0;Other;2024-03
2024-02-29;2024-02-29;Retail Purchase #4295;902.48;0.0;Other;2024-02
2024-02-29;2024-02-29;Transfer from Contact A #8182;361.94;0.0;Transfer;2024-02
2024-03-01;2024-03-01;Transfer from Contact B #3963;2176.25;0.0;Transfer;2024-03
2024-03-01;2024-03-01;Retail Purchase #7915;2065.94;0.0;Other;2024-03
2024-03-04;2024-03-04;Retail Purchase #2483;1703.35;0.0;Other;2024-03
2024-03-04;2024-03-04;Online Store #5911;363.1;0.0;Other;2024-03
2024-03-04;2024-03-04;Local Shop #6379;381.73;0.0;Other;2024-03
2024-03-04;2024-03-04;Retail Purchase #3374;1026.95;0.0;Other;2024-03
2024-03-04;2024-03-04;Online Store #9313;2070.2;0.0;Other;2024-03
2024-03-04;2024-03-04;Online Store #5367;2273.27;0.0;Other;2024-03
2024-03-05;2024-03-05;Retail Purchase #3271;948.13;0.0;Other;2024-03
2024-03-05;2024-03-05;Local Shop #7015;2257.78;0.0;Other;2024-03
2024-03-05;2024-03-05;Local Shop #3217;1035.94;0.0;Other;2024-03
2024-03-06;2024-03-06;Retail Purchase #7628;861.03;0.0;Other;2024-03
2024-03-06;2024-03-06;Retail Purchase #3280;442.78;0.0;Other;2024-03
2024-03-07;2024-03-07;Online Store #4312;39.44;0.0;Other;2024-03
2024-03-07;2024-03-07;Online Store #4243;757.0;0.0;Other;2024-03
2024-03-08;2024-03-08;Electricity Co #5112;2303.16;0.0;Utility;2024-03
2024-03-08;2024-03-08;Online Store #3775;77.26;0.0;Other;2024-03
2024-03-08;2024-03-08;Local Shop #4751;399.01;0.0;Other;2024-03
2024-03-10;2024-03-10;Transfer from Contact A #9914;1484.95;0.0;Transfer;2024-03
2024-03-11;2024-03-11;Retail Purchase #5047;313.57;0.0;Other;2024-03
2024-03-11;2024-03-11;Online Store #7426;1084.16;0.0;Other;2024-03
2024-03-11;2024-03-11;Retail Purchase #8091;347.5;0.0;Other;2024-03
2024-03-11;2024-03-11;Online Store #7340;1611.17;0.0;Other;2024-03
2024-03-11;2024-03-11;Retail Purchase #5283;1677.53;0.0;Other;2024-03
2024-03-12;2024-03-13;Local Shop #2529;39.27;0.0;Other;2024-03
2024-03-14;2024-03-14;Local Shop #9902;1995.3;0.0;Other;2024-03
2024-03-15;2024-03-15;Unclassified Payment #4143;421.23;0.0;Uncategorized;2024-03
2024-03-18;2024-03-18;Internal Transfer #3813;2359.11;0.0;Transfer;2024-03
2024-03-22;2024-03-22;Retail Purchase #8204;534.64;0.0;Other;2024-03
2024-03-25;2024-03-25;Retail Purchase #8983;1330.24;0.0;Other;2024-03
2024-03-25;2024-03-25;Retail Purchase #5588;415.41;0.0;Other;2024-03
2024-03-25;2024-03-25;Retail Purchase #7728;70.36;0.0;Other;2024-03
2024-03-25;2024-03-25;Online Store #5009;1245.4;0.0;Other;2024-03
2024-03-29;2024-04-02;Local Shop #8008;2199.95;0.0;Other;2024-04
2024-03-29;2024-04-02;Retail Purchase #5028;1852.98;0.0;Other;2024-04
2024-03-29;2024-04-02;Local Shop #5796;898.29;0.0;Other;2024-04
2024-03-30;2024-03-30;Internal Transfer #3072;1165.07;0.0;Transfer;2024-03
2024-03-31;2024-03-31;Transfer from Contact B #6526;505.89;0.0;Transfer;2024-03
2024-04-02;2024-04-02;Local Shop #8803;199.15;0.0;Other;2024-04
2024-04-02;2024-04-02;Online Store #5722;2307.24;0.0;Other;2024-04
2024-04-02;2024-04-02;Retail Purchase #8467;1098.95;0.0;Other;2024-04
2024-04-02;2024-04-02;Online Store #6779;464.73;0.0;Other;2024-04
2024-04-02;2024-04-02;Retail Purchase #7663;1027.48;0.0;Other;2024-04
2024-04-03;2024-04-03;Transfer from Contact A #8646;1270.4;0.0;Transfer;2024-04
2024-04-04;2024-04-04;Local Shop #6509;863.38;0.0;Other;2024-04
2024-04-07;2024-04-07;Transfer from Contact B #7607;2109.27;0.0;Transfer;2024-04
2024-04-08;2024-04-08;Retail Purchase #2298;878.91;0.0;Other;2024-04
2024-04-08;2024-04-08;Electricity Co #3661;1297.32;0.0;Utility;2024-04
2024-04-08;2024-04-08;Retail Purchase #4862;1665.35;0.0;Other;2024-04
2024-04-08;2024-04-08;Retail Purchase #5600;2477.89;0.0;Other;2024-04
2024-04-09;2024-04-09;Misc Transaction #4593;460.35;0.0;Uncategorized;2024-04
2024-04-11;2024-04-12;Online Store #8435;777.82;0.0;Other;2024-04
2024-04-12;2024-04-12;Internal Transfer #3865;1587.41;0.0;Transfer;2024-04
2024-04-12;2024-04-12;Transfer from Contact B #8137;1151.56;0.0;Transfer;2024-04
2024-04-12;2024-04-12;Unclassified Payment #3065;2031.13;0.0;Uncategorized;2024-04
2024-04-12;2024-04-12;Transfer from Contact A #1484;1167.2;0.0;Transfer;2024-04
2024-04-15;2024-04-15;Transfer from Contact B #7848;1985.58;0.0;Transfer;2024-04
2024-04-18;2024-04-18;Northwind Salary Dept #8008;1540.11;0.0;Salary;2024-04
2024-04-19;2024-04-19;Internal Transfer #2033;1032.21;0.0;Transfer;2024-04
2024-04-19;2024-04-19;Internal Transfer #6385;2491.54;0.0;Transfer;2024-04
2024-04-21;2024-04-21;Local Shop #1680;1509.01;0.0;Other;2024-04
2024-04-21;2024-04-21;Transfer from Contact A #6167;1613.83;0.0;Transfer;2024-04
2024-04-21;2024-04-21;Online Store #7562;2293.88;0.0;Other;2024-04
2024-04-22;2024-04-22;Retail Purchase #2945;974.68;0.0;Other;2024-04
2024-04-22;2024-04-22;Transfer from Contact A #8350;1897.06;0.0;Transfer;2024-04
2024-04-27;2024-04-27;General Purchase #7350;1534.79;0.0;Uncategorized;2024-04
2024-04-29;2024-04-29;Transfer from Contact B #6682;1056.17;0.0;Transfer;2024-04
2024-04-30;2024-04-30;Transfer from Contact B #1952;1969.22;0.0;Transfer;2024-04
2024-04-30;2024-04-30;Transfer from Contact A #2224;2236.33;0.0;Transfer;2024-04
2024-05-01;2024-05-01;Internal Transfer #5356;1652.44;0.0;Transfer;2024-05
2024-05-03;2024-05-03;Internal Transfer #4465;1306.54;0.0;Transfer;2024-05
2024-05-03;2024-05-03;Local Shop #6729;1656.47;0.0;Other;2024-05
2024-05-06;2024-05-06;Internal Transfer #7770;2062.85;0.0;Transfer;2024-05
2024-05-07;2024-05-07;Water Utility #9504;2036.22;0.0;Utility;2024-05
2024-05-10;2024-05-10;Unclassified Payment #2173;219.68;0.0;Uncategorized;2024-05
2024-05-10;2024-05-10;Local Shop #5765;58.94;0.0;Other;2024-05
2024-05-10;2024-05-10;Retail Purchase #6654;570.42;0.0;Other;2024-05
2024-05-10;2024-05-10;Online Store #9212;221.2;0.0;Other;2024-05
2024-05-12;2024-05-12;Transfer from Contact B #8876;2045.51;0.0;Transfer;2024-05
2024-05-13;2024-05-13;Retail Purchase #2601;1405.34;0.0;Other;2024-05
2024-05-15;2024-05-15;Retail Purchase #1588;145.0;0.0;Other;2024-05
2024-05-15;2024-05-15;Retail Purchase #3737;2423.06;0.0;Other;2024-05
2024-05-16;2024-05-16;Retail Purchase #1830;1215.18;0.0;Other;2024-05
2024-05-17;2024-05-17;General Purchase #4613;2089.24;0.0;Uncategorized;2024-05
2024-05-17;2024-05-17;Transfer from Contact A #3954;1430.97;0.0;Transfer;2024-05
2024-05-21;2024-05-21;Online Store #6462;1003.77;0.0;Other;2024-05
2024-05-21;2024-05-21;Retail Purchase #7319;1265.91;0.0;Other;2024-05
2024-05-21;2024-05-21;Retail Purchase #5996;1409.39;0.0;Other;2024-05
2024-05-22;2024-05-22;Transfer from Contact B #8559;1582.61;0.0;Transfer;2024-05
2024-05-22;2024-05-22;Retail Purchase #9679;1888.27;0.0;Other;2024-05
2024-05-22;2024-05-22;Online Store #1972;2213.04;0.0;Other;2024-05
2024-05-27;2024-05-27;Retail Purchase #6235;2493.89;0.0;Other;2024-05
2024-05-27;2024-05-27;Online Store #8556;299.14;0.0;Other;2024-05
2024-05-27;2024-05-27;Local Shop #4199;1286.26;0.0;Other;2024-05
2024-05-27;2024-05-27;Online Store #5989;1941.77;0.0;Other;2024-05
2024-05-27;2024-05-27;Retail Purchase #8251;830.24;0.0;Other;2024-05
2024-05-28;2024-05-28;Local Shop #2078;1516.11;0.0;Other;2024-05
2024-05-28;2024-05-28;Retail Purchase #6414;157.79;0.0;Other;2024-05
2024-05-29;2024-05-29;Retail Purchase #3417;249.99;0.0;Other;2024-05
2024-05-30;2024-05-30;Online Store #6406;349.81;0.0;Other;2024-05
2024-05-30;2024-05-30;Local Shop #6267;1150.83;0.0;Other;2024-05
2024-06-03;2024-06-03;Transfer from Contact B #5726;484.37;0.0;Transfer;2024-06
2024-06-03;2024-06-03;Retail Purchase #7654;546.73;0.0;Other;2024-06
2024-06-03;2024-06-03;Online Store #2840;1063.74;0.0;Other;2024-06
2024-06-03;2024-06-03;Online Store #5775;348.91;0.0;Other;2024-06
2024-06-03;2024-06-03;Local Shop #9083;38.92;0.0;Other;2024-06
2024-06-03;2024-06-03;Online Store #1126;2017.43;0.0;Other;2024-06
2024-06-03;2024-06-03;Online Store #8810;604.86;0.0;Other;2024-06
2024-06-04;2024-06-04;Unclassified Payment #7328;2207.41;0.0;Uncategorized;2024-06
2024-06-04;2024-06-04;Retail Purchase #3423;225.94;0.0;Other;2024-06
2024-06-06;2024-06-06;Electricity Co #9725;248.54;0.0;Utility;2024-06
2024-06-07;2024-07-08;Card Fee #6051;955.44;0.0;Other Fees;2024-07
2024-06-14;2024-06-14;Internal Transfer #7905;1906.2;0.0;Transfer;2024-06
2024-06-14;2024-06-14;Internal Transfer #6199;1925.68;0.0;Transfer;2024-06
2024-06-17;2024-06-17;Internal Transfer #3292;1437.21;0.0;Transfer;2024-06
2024-06-17;2024-06-17;Local Shop #3082;2031.12;0.0;Other;2024-06
2024-06-17;2024-06-17;General Purchase #3675;2337.67;0.0;Uncategorized;2024-06
2024-06-17;2024-06-17;Retail Purchase #4593;2003.41;0.0;Other;2024-06
2024-06-17;2024-06-17;Retail Purchase #6879;1809.68;0.0;Other;2024-06
2024-06-18;2024-06-18;Online Store #2965;581.18;0.0;Other;2024-06
2024-06-18;2024-06-18;Local Shop #8755;1618.6;0.0;Other;2024-06
2024-06-18;2024-06-18;Local Shop #2937;827.8;0.0;Other;2024-06
2024-06-19;2024-06-19;Online Store #3804;318.87;0.0;Other;2024-06
2024-06-19;2024-06-19;Retail Purchase #5258;100.48;0.0;Other;2024-06
2024-06-19;2024-06-19;Local Shop #8986;1339.28;0.0;Other;2024-06
2024-06-20;2024-06-20;Retail Purchase #8531;182.45;0.0;Other;2024-06
2024-06-20;2024-06-20;Local Shop #6216;365.82;0.0;Other;2024-06
2024-06-21;2024-06-21;Local Shop #8676;289.42;0.0;Other;2024-06
2024-06-21;2024-06-21;Retail Purchase #8978;652.62;0.0;Other;2024-06
2024-06-22;2024-06-22;Transfer from Contact A #9763;299.25;0.0;Transfer;2024-06
2024-06-23;2024-06-23;Transfer from Contact A #4330;2355.6;0.0;Transfer;2024-06
2024-06-24;2024-06-24;Online Store #7833;2050.67;0.0;Other;2024-06
2024-06-24;2024-06-24;Local Shop #9289;1822.51;0.0;Other;2024-06
2024-06-24;2024-06-24;Local Shop #7381;1928.01;0.0;Other;2024-06
2024-06-24;2024-06-24;Retail Purchase #2601;344.71;0.0;Other;2024-06
2024-06-24;2024-06-24;Online Store #3144;260.19;0.0;Other;2024-06
2024-06-24;2024-06-24;Local Shop #4177;605.49;0.0;Other;2024-06
2024-06-24;2024-06-24;Retail Purchase #2236;1144.43;0.0;Other;2024-06
2024-06-24;2024-06-24;Local Shop #3684;1071.44;0.0;Other;2024-06
2024-06-24;2024-06-24;Online Store #8012;459.22;0.0;Other;2024-06
2024-06-24;2024-06-24;Online Store #1742;2256.16;0.0;Other;2024-06
2024-06-25;2024-06-25;Retail Purchase #3918;1950.77;0.0;Other;2024-06
2024-06-25;2024-06-25;Local Shop #3079;1014.49;0.0;Other;2024-06
2024-06-25;2024-06-25;Retail Purchase #1479;1298.22;0.0;Other;2024-06
2024-06-25;2024-06-25;Online Store #5988;1795.24;0.0;Other;2024-06
2024-06-25;2024-06-25;Local Shop #2060;922.88;0.0;Other;2024-06
2024-06-26;2024-06-26;Retail Purchase #8807;2406.76;0.0;Other;2024-06
2024-06-26;2024-06-26;Online Store #2991;317.84;0.0;Other;2024-06
2024-06-26;2024-06-26;Online Store #9995;2121.54;0.0;Other;2024-06
2024-06-26;2024-06-26;Local Shop #8472;586.59;0.0;Other;2024-06
2024-06-27;2024-06-27;Online Store #9169;2236.7;0.0;Other;2024-06
2024-06-27;2024-06-27;Retail Purchase #3684;1131.18;0.0;Other;2024-06
2024-06-28;2024-06-28;Local Shop #3075;742.05;0.0;Other;2024-06
2024-07-01;2024-07-01;Retail Purchase #1091;1000.91;0.0;Other;2024-07
2024-07-01;2024-07-01;Retail Purchase #4649;820.99;0.0;Other;2024-07
2024-07-01;2024-07-01;Local Shop #2639;976.56;0.0;Other;2024-07
2024-07-01;2024-07-01;Local Shop #3515;1617.64;0.0;Other;2024-07
2024-07-01;2024-07-01;Online Store #7864;1936.6;0.0;Other;2024-07
2024-07-01;2024-07-01;Retail Purchase #6578;1716.92;0.0;Other;2024-07
2024-07-01;2024-07-01;Retail Purchase #9949;855.72;0.0;Other;2024-07
2024-07-01;2024-07-01;Local Shop #3433;415.3;0.0;Other;2024-07
2024-07-02;2024-07-02;Online Store #5860;1109.69;0.0;Other;2024-07
2024-07-03;2024-07-03;Retail Purchase #9341;2356.9;0.0;Other;2024-07
2024-07-03;2024-07-03;Retail Purchase #4817;366.54;0.0;Other;2024-07
2024-07-04;2024-07-05;Misc Transaction #8703;1335.6;0.0;Uncategorized;2024-07
2024-07-04;2024-07-04;Internal Transfer #5543;1243.74;0.0;Transfer;2024-07
2024-07-04;2024-07-04;Retail Purchase #3309;477.83;0.0;Other;2024-07
2024-07-04;2024-07-04;Online Store #7977;622.37;0.0;Other;2024-07
2024-07-06;2024-07-06;Internal Transfer #2800;567.57;0.0;Transfer;2024-07
2024-07-08;2024-07-08;Online Store #8134;2224.93;0.0;Other;2024-07
2024-07-08;2024-07-08;Water Utility #8483;210.46;0.0;Utility;2024-07
2024-07-08;2024-07-08;Local Shop #4195;2496.86;0.0;Other;2024-07
2024-07-09;2024-07-09;Transfer from Contact A #4972;1509.5;0.0;Transfer;2024-07
2024-07-09;2024-07-09;Online Store #3287;184.8;0.0;Other;2024-07
2024-07-11;2024-07-12;Card Fee #1713;2270.82;0.0;Other Fees;2024-07
2024-07-11;2024-07-11;Local Shop #1365;1726.58;0.0;Other;2024-07
2024-07-11;2024-07-11;Online Store #7738;1615.47;0.0;Other;2024-07
2024-07-12;2024-07-12;Retail Purchase #9847;1291.82;0.0;Other;2024-07
2024-07-12;2024-07-12;Retail Purchase #6955;424.76;0.0;Other;2024-07
2024-07-13;2024-07-13;Transfer from Contact A #8262;2140.11;0.0;Transfer;2024-07
2024-07-14;2024-07-14;Internal Transfer #3206;2137.95;0.0;Transfer;2024-07
2024-07-15;2024-07-15;Online Store #8632;1239.26;0.0;Other;2024-07
2024-07-15;2024-07-15;Local Shop #5042;138.22;0.0;Other;2024-07
2024-07-16;2024-07-16;Misc Transaction #5707;315.01;0.0;Uncategorized;2024-07
2024-07-16;2024-07-16;Online Store #3304;1349.8;0.0;Other;2024-07
2024-07-17;2024-07-17;Local Shop #4200;2288.54;0.0;Other;2024-07
2024-07-17;2024-07-17;Local Shop #9487;685.92;0.0;Other;2024-07
2024-07-18;2024-07-18;Retail Purchase #1349;9.71;0.0;Other;2024-07
2024-07-18;2024-07-18;Local Shop #9530;1666.37;0.0;Other;2024-07
2024-07-22;2024-07-23;Account Maintenance Fee #3649;370.08;0.0;Other Fees;2024-07
2024-07-22;2024-07-22;Internal Transfer #3302;903.95;0.0;Transfer;2024-07
2024-07-22;2024-07-22;Online Store #2020;934.88;0.0;Other;2024-07
2024-07-22;2024-07-22;Online Store #3800;1892.04;0.0;Other;2024-07
2024-07-26;2024-07-26;Online Store #3851;2477.96;0.0;Other;2024-07
2024-07-29;2024-07-29;Online Store #4398;174.57;0.0;Other;2024-07
2024-07-29;2024-07-29;Retail Purchase #8439;2395.6;0.0;Other;2024-07
2024-07-29;2024-07-29;Local Shop #9249;331.34;0.0;Other;2024-07
2024-07-29;2024-07-29;Retail Purchase #2292;1480.76;0.0;Other;2024-07
2024-07-29;2024-07-29;Retail Purchase #2407;2433.02;0.0;Other;2024-07
2024-07-29;2024-07-29;Retail Purchase #8788;721.37;0.0;Other;2024-07
2024-07-29;2024-07-29;Local Shop #3368;74.37;0.0;Other;2024-07
2024-07-29;2024-07-29;Local Shop #1967;1097.1;0.0;Other;2024-07
2024-07-29;2024-07-29;Retail Purchase #1857;1916.31;0.0;Other;2024-07
2024-07-29;2024-07-29;Online Store #2349;189.71;0.0;Other;2024-07
2024-07-30;2024-07-30;Local Shop #2338;27.47;0.0;Other;2024-07
2024-07-30;2024-07-30;Retail Purchase #1208;2369.34;0.0;Other;2024-07
2024-07-31;2024-07-31;Retail Purchase #3289;2084.54;0.0;Other;2024-07
2024-08-01;2024-08-01;Local Shop #7848;1328.72;0.0;Other;2024-08
2024-08-01;2024-08-01;Online Store #1108;2207.18;0.0;Other;2024-08
2024-08-02;2024-08-02;Online Store #9689;2481.02;0.0;Other;2024-08
2024-08-02;2024-08-02;Retail Purchase #7522;1311.54;0.0;Other;2024-08
2024-08-02;2024-08-02;Online Store #1920;1413.91;0.0;Other;2024-08
2024-08-03;2024-08-03;Internal Transfer #3444;1051.78;0.0;Transfer;2024-08
2024-08-03;2024-08-03;Internal Transfer #3426;1971.45;0.0;Transfer;2024-08
2024-08-04;2024-08-04;Transfer from Contact B #6083;985.98;0.0;Transfer;2024-08
2024-08-05;2024-08-05;Internal Transfer #6112;1637.76;0.0;Transfer;2024-08
2024-08-05;2024-08-05;Transfer from Contact B #1985;1537.06;0.0;Transfer;2024-08
2024-08-05;2024-08-05;Retail Purchase #9363;2221.29;0.0;Other;2024-08
2024-08-05;2024-08-05;Retail Purchase #3810;727.99;0.0;Other;2024-08
2024-08-05;2024-08-05;Transfer from Contact A #8710;925.19;0.0;Transfer;2024-08
2024-08-05;2024-08-05;Local Shop #5898;592.73;0.0;Other;2024-08
2024-08-05;2024-08-05;Retail Purchase #3599;1569.18;0.0;Other;2024-08
2024-08-05;2024-08-05;Online Store #8700;142.48;0.0;Other;2024-08
2024-08-05;2024-08-05;Retail Purchase #3599;688.13;0.0;Other;2024-08
2024-08-05;2024-08-05;Local Shop #7734;772.07;0.0;Other;2024-08
2024-08-05;2024-08-05;Online Store #5435;1141.92;0.0;Other;2024-08
2024-08-05;2024-08-05;Local Shop #1350;69.76;0.0;Other;2024-08
2024-08-05;2024-08-05;Retail Purchase #2956;176.0;0.0;Other;2024-08
2024-08-06;2024-08-06;Electricity Co #2054;474.22;0.0;Utility;2024-08
2024-08-06;2024-08-06;Retail Purchase #9358;2149.22;0.0;Other;2024-08
2024-08-06;2024-08-06;Retail Purchase #6697;796.47;0.0;Other;2024-08
2024-08-06;2024-08-06;Retail Purchase #3577;1630.94;0.0;Other;2024-08
2024-08-07;2024-08-07;Transfer from Contact B #2074;297.87;0.0;Transfer;2024-08
2024-08-07;2024-08-07;Retail Purchase #2185;1318.9;0.0;Other;2024-08
2024-08-07;2024-08-07;Online Store #6735;819.22;0.0;Other;2024-08
2024-08-08;2024-08-08;Retail Purchase #9202;573.75;0.0;Other;2024-08
2024-08-08;2024-08-08;Online Store #3816;628.15;0.0;Other;2024-08
2024-08-08;2024-08-08;Local Shop #2799;390.67;0.0;Other;2024-08
2024-08-09;2024-08-09;Local Shop #4044;320.55;0.0;Other;2024-08
2024-08-09;2024-08-09;Retail Purchase #6222;412.05;0.0;Other;2024-08
2024-08-12;2024-08-12;Local Shop #9178;1178.64;0.0;Other;2024-08
2024-08-12;2024-08-12;Online Store #6786;1070.25;0.0;Other;2024-08
2024-08-12;2024-08-12;Retail Purchase #1804;640.91;0.0;Other;2024-08
2024-08-12;2024-08-12;Local Shop #4913;434.11;0.0;Other;2024-08
2024-08-12;2024-08-12;Retail Purchase #7765;1298.87;0.0;Other;2024-08
2024-08-13;2024-08-13;Retail Purchase #8836;1534.18;0.0;Other;2024-08
2024-08-13;2024-08-13;Retail Purchase #7427;404.4;0.0;Other;2024-08
2024-08-14;2024-08-14;Retail Purchase #6919;2229.24;0.0;Other;2024-08
2024-08-14;2024-08-14;Local Shop #4838;1754.36;0.0;Other;2024-08
2024-08-14;2024-08-14;Online Store #9182;1316.88;0.0;Other;2024-08
2024-08-14;2024-08-14;Local Shop #8961;1912.98;0.0;Other;2024-08
2024-08-16;2024-08-16;General Purchase #6483;2173.97;0.0;Uncategorized;2024-08
2024-08-16;2024-08-16;Misc Transaction #6968;1739.47;0.0;Uncategorized;2024-08
2024-08-16;2024-08-16;Retail Purchase #4737;1757.18;0.0;Other;2024-08
2024-08-16;2024-08-16;Local Shop #8385;937.83;0.0;Other;2024-08
2024-08-16;2024-08-16;Local Shop #3391;1562.46;0.0;Other;2024-08
2024-08-16;2024-08-16;Retail Purchase #7098;791.91;0.0;Other;2024-08
2024-08-16;2024-08-16;Online Store #3701;130.43;0.0;Other;2024-08
2024-08-16;2024-08-16;Retail Purchase #2229;2288.65;0.0;Other;2024-08
2024-08-19;2024-08-20;Online Store #9211;2036.99;0.0;Other;2024-08
2024-08-19;2024-08-19;Online Store #1510;1843.92;0.0;Other;2024-08
2024-08-19;2024-08-19;Online Store #3454;1373.2;0.0;Other;2024-08
2024-08-19;2024-08-19;Retail Purchase #9057;1649.58;0.0;Other;2024-08
2024-08-19;2024-08-19;Online Store #6489;2290.89;0.0;Other;2024-08
2024-08-19;2024-08-19;Online Store #7147;906.22;0.0;Other;2024-08
2024-08-19;2024-08-19;Retail Purchase #3159;1043.8;0.0;Other;2024-08
2024-08-20;2024-08-20;Retail Purchase #7248;794.21;0.0;Other;2024-08
2024-08-20;2024-08-20;Internal Transfer #3288;1585.28;0.0;Transfer;2024-08
2024-08-21;2024-08-21;Online Store #3968;1588.87;0.0;Other;2024-08
2024-08-21;2024-08-21;Retail Purchase #5921;540.95;0.0;Other;2024-08
2024-08-21;2024-08-21;Retail Purchase #9194;114.59;0.0;Other;2024-08
2024-08-22;2024-08-22;Internal Transfer #5192;1315.56;0.0;Transfer;2024-08
2024-08-22;2024-08-22;Misc Transaction #5628;1190.17;0.0;Uncategorized;2024-08
2024-08-22;2024-08-22;General Purchase #3756;548.09;0.0;Uncategorized;2024-08
2024-08-22;2024-08-22;General Purchase #2781;0.0;0.0;Uncategorized;2024-08
2024-08-22;;General Purchase #8970;0.0;0.0;Uncategorized;
2024-08-23;2024-08-23;Retail Purchase #3397;713.48;0.0;Other;2024-08
2024-08-23;2024-08-23;Online Store #9313;75.13;0.0;Other;2024-08
2024-08-23;2024-08-23;Local Shop #6415;1125.12;0.0;Other;2024-08
2024-08-23;2024-08-23;Online Store #5628;1534.02;0.0;Other;2024-08
2024-08-23;2024-08-22;Transfer from Contact B #9846;1833.37;0.0;Transfer;2024-08
2024-08-24;2024-08-24;Transfer from Contact A #4437;686.38;0.0;Transfer;2024-08
2024-08-24;2024-08-22;Misc Transaction #3698;2358.52;0.0;Uncategorized;2024-08
2024-08-28;2024-08-28;Internal Transfer #1552;477.89;0.0;Transfer;2024-08
2024-08-29;2024-08-29;Online Store #7033;1821.45;0.0;Other;2024-08
2024-08-30;2024-08-30;Transfer from Contact A #5072;1339.35;0.0;Transfer;2024-08
2024-08-30;2024-08-30;Transfer from Contact B #4938;1201.55;0.0;Transfer;2024-08
2024-08-30;2024-08-30;Internal Transfer #4213;2336.54;0.0;Transfer;2024-08
2024-08-30;2024-08-30;Transfer from Contact B #3966;2017.35;0.0;Transfer;2024-08
2024-08-30;2024-08-30;Internal Transfer #7073;2255.17;0.0;Transfer;2024-08
2024-09-03;2024-09-03;Internal Transfer #9500;1197.72;0.0;Transfer;2024-09
2024-09-04;2024-09-04;Transfer from Contact A #3280;89.09;0.0;Transfer;2024-09
2024-09-04;2024-09-04;Online Store #8562;603.06;0.0;Other;2024-09
2024-09-06;2024-09-06;Telecom Provider #1976;173.08;0.0;Utility;2024-09
2024-09-06;2024-09-06;Electricity Co #9122;822.82;0.0;Utility;2024-09
2024-09-09;2024-09-09;Local Shop #7341;149.32;0.0;Other;2024-09
2024-09-11;2024-09-11;Retail Purchase #6648;732.63;0.0;Other;2024-09
2024-09-12;2024-09-12;Retail Purchase #7697;2436.73;0.0;Other;2024-09
2024-09-16;2024-09-16;Online Store #1530;1759.27;0.0;Other;2024-09
2024-09-19;2024-09-19;Transfer from Contact B #2066;2412.4;0.0;Transfer;2024-09
2024-09-19;2024-09-19;Transfer from Contact A #5631;971.45;0.0;Transfer;2024-09
2024-09-19;2024-09-19;Transfer from Contact B #8654;1954.85;0.0;Transfer;2024-09
2024-09-19;2024-09-19;Online Store #3755;493.14;0.0;Other;2024-09
2024-09-19;2024-09-19;Transfer from Contact B #3126;344.34;0.0;Transfer;2024-09
2024-09-19;2024-09-19;Online Store #5275;1251.61;0.0;Other;2024-09
2024-09-20;2024-09-20;Retail Purchase #1177;858.43;0.0;Other;2024-09
2024-09-21;2024-09-21;Transfer from Contact B #4553;2406.79;0.0;Transfer;2024-09
2024-09-22;2024-09-22;Transfer from Contact A #1217;1078.76;0.0;Transfer;2024-09
2024-09-23;2024-09-23;Online Store #6204;1851.59;0.0;Other;2024-09
2024-09-23;2024-09-23;Online Store #6213;2236.08;0.0;Other;2024-09
2024-09-23;2024-09-23;Misc Transaction #1209;672.26;0.0;Uncategorized;2024-09
2024-09-23;2024-09-23;Misc Transaction #5615;507.15;0.0;Uncategorized;2024-09
2024-09-23;2024-09-23;Retail Purchase #6443;2114.76;0.0;Other;2024-09
2024-09-24;2024-09-24;Local Shop #7215;918.17;0.0;Other;2024-09
2024-09-25;2024-09-25;Retail Purchase #5907;707.52;0.0;Other;2024-09
2024-09-25;2024-09-25;Online Store #7734;1660.65;0.0;Other;2024-09
2024-09-25;2024-09-25;Online Store #1161;593.88;0.0;Other;2024-09
2024-09-25;2024-09-25;Local Shop #2158;460.7;0.0;Other;2024-09
2024-09-25;2024-09-25;Online Store #1757;1472.58;0.0;Other;2024-09
2024-09-26;2024-09-26;Local Shop #4752;2406.46;0.0;Other;2024-09
2024-09-26;2024-09-26;Retail Purchase #2454;608.48;0.0;Other;2024-09
2024-09-26;2024-09-26;Local Shop #6486;1581.25;0.0;Other;2024-09
2024-09-26;2024-09-26;Online Store #5084;448.18;0.0;Other;2024-09
2024-09-26;2024-09-26;Online Store #7496;563.14;0.0;Other;2024-09
2024-09-27;2024-09-27;Internal Transfer #1578;2461.29;0.0;Transfer;2024-09
2024-09-27;2024-09-27;Online Store #5321;166.19;0.0;Other;2024-09
2024-09-27;2024-09-27;Local Shop #1000;1140.22;0.0;Other;2024-09
2024-09-30;2024-09-30;Transfer from Contact B #8758;133.86;0.0;Transfer;2024-09
2024-09-30;2024-09-30;Local Shop #2210;84.42;0.0;Other;2024-09
2024-09-30;2024-09-30;Retail Purchase #5947;603.16;0.0;Other;2024-09
2024-09-30;2024-09-30;Local Shop #3677;852.46;0.0;Other;2024-09
2024-10-02;2024-10-02;Internal Transfer #3292;2418.63;0.0;Transfer;2024-10
2024-10-03;2024-10-03;Internal Transfer #7422;1710.88;0.0;Transfer;2024-10
2024-10-07;2024-10-07;Electricity Co #1645;2105.06;0.0;Utility;2024-10
2024-10-11;2024-10-12;Internal Transfer #1745;2467.76;0.0;Transfer;2024-10
2024-10-17;2024-10-17;Online Store #5895;599.92;0.0;Other;2024-10
2024-10-17;2024-10-17;Online Store #4646;1806.28;0.0;Other;2024-10
2024-10-21;2024-10-21;Unclassified Payment #4200;923.67;0.0;Uncategorized;2024-10
2024-10-21;2024-10-21;Retail Purchase #5642;2235.35;0.0;Other;2024-10
2024-10-21;2024-10-21;Online Store #6219;2300.08;0.0;Other;2024-10
2024-10-21;2024-10-21;Internal Transfer #8112;1240.3;0.0;Transfer;2024-10
2024-10-22;2024-10-22;Transfer from Contact B #7674;1344.17;0.0;Transfer;2024-10
2024-10-22;2024-10-22;Misc Transaction #9561;2098.68;0.0;Uncategorized;2024-10
2024-10-22;2024-10-22;Online Store #9094;2395.12;0.0;Other;2024-10
2024-10-29;2024-10-29;Local Shop #4658;665.21;0.0;Other;2024-10
2024-10-30;2024-10-30;Retail Purchase #8503;2473.23;0.0;Other;2024-10
2024-10-31;2024-11-01;Retail Purchase #9748;1796.26;0.0;Other;2024-11
2024-10-31;2024-10-31;Unclassified Payment #9933;1049.81;0.0;Uncategorized;2024-10
2024-10-31;2024-10-31;Local Shop #6263;534.36;0.0;Other;2024-10
2024-10-31;2024-10-31;Internal Transfer #1528;1243.36;0.0;Transfer;2024-10
2024-11-04;2024-11-04;Water Utility #2610;1220.1;0.0;Utility;2024-11
2024-11-04;2024-11-04;Transfer from Contact A #5572;1892.99;0.0;Transfer;2024-11
2024-11-04;2024-11-04;Transfer from Contact B #6249;2015.51;0.0;Transfer;2024-11
2024-11-05;2024-11-05;General Purchase #5535;1694.42;0.0;Uncategorized;2024-11
2024-11-06;2024-11-06;Telecom Provider #3819;144.64;0.0;Utility;2024-11
